feed_title,feed_link,feed_description,feed_language,title,link,description,pub_date,guid,dc_creator,author,media_url,media_type,media_width,media_height,enclosure_url,enclosure_type,enclosure_length,pub_date_formatted,full_content
Hong Kong - South China Morning Post,https://www.scmp.com/rss/2/feed,"Breaking news, analysis and opinion from the SCMP's Hong Kong edition.",en,"Hong Kong police arrest man over HK$10,000 cash theft on inbound flight",https://www.scmp.com/news/hong-kong/law-and-crime/article/3303621/hong-kong-police-arrest-man-over-hk10000-cash-theft-inbound-flight?utm_source=rss_feed,"58-year-old suspect from mainland China, accused of stealing cash from another passenger’s backpack on a flight from Bangkok.","Mon, 24 Mar 2025 16:35:48 +0800",https://www.scmp.com/news/hong-kong/law-and-crime/article/3303621/hong-kong-police-arrest-man-over-hk10000-cash-theft-inbound-flight?utm_source=rss_feed,Ambrose Li,Ambrose Li,https://cdn.i-scmp.com/sites/default/files/styles/1280x720/public/d8/images/canvas/2025/03/24/d683e6f8-d04f-48a5-9bdb-643dc33ed00e_06414114.jpg?itok=2o1b1fD_,image/jpeg,1280,720,https://cdn.i-scmp.com/sites/default/files/styles/1280x720/public/d8/images/canvas/2025/03/24/d683e6f8-d04f-48a5-9bdb-643dc33ed00e_06414114.jpg?itok=2o1b1fD_,image/jpeg,1280,2025-03-24 16:35:48,
Hong Kong - South China Morning Post,https://www.scmp.com/rss/2/feed,"Breaking news, analysis and opinion from the SCMP's Hong Kong edition.",en,"Hong Kong teacher jailed for 22 months over unlawful sex with girl, 15",https://www.scmp.com/news/hong-kong/law-and-crime/article/3303618/hong-kong-teacher-jailed-22-months-over-unlawful-sex-girl-15?utm_source=rss_feed,41-year-old religious studies teacher pleads guilty to two sexual offences against his former pupil at Christian school.,"Mon, 24 Mar 2025 16:34:08 +0800",https://www.scmp.com/news/hong-kong/law-and-crime/article/3303618/hong-kong-teacher-jailed-22-months-over-unlawful-sex-girl-15?utm_source=rss_feed,Brian Wong,Brian Wong,https://cdn.i-scmp.com/sites/default/files/styles/1280x720/public/d8/images/canvas/2025/03/24/37e7c989-b1f6-488a-b830-221e2646c599_0db885f2.jpg?itok=J_X0Z6RL,image/jpeg,1280,720,https://cdn.i-scmp.com/sites/default/files/styles/1280x720/public/d8/images/canvas/2025/03/24/37e7c989-b1f6-488a-b830-221e2646c599_0db885f2.jpg?itok=J_X0Z6RL,image/jpeg,1280,2025-03-24 16:34:08,
Hong Kong - South China Morning Post,https://www.scmp.com/rss/2/feed,"Breaking news, analysis and opinion from the SCMP's Hong Kong edition.",en,‘It’s a mess’: Coldplay fans in Hong Kong vent about hassle over misprinted tickets,https://www.scmp.com/news/hong-kong/hong-kong-economy/article/3303615/its-mess-coldplay-fans-hong-kong-vent-about-hassle-over-misprinted-tickets?utm_source=rss_feed,"One ticket holder says the whole process, including travel time, took about two hours at an exchange centre in North Point.","Mon, 24 Mar 2025 16:30:17 +0800",https://www.scmp.com/news/hong-kong/hong-kong-economy/article/3303615/its-mess-coldplay-fans-hong-kong-vent-about-hassle-over-misprinted-tickets?utm_source=rss_feed,Xinyi Wu,Xinyi Wu,https://cdn.i-scmp.com/sites/default/files/styles/1280x720/public/d8/images/canvas/2025/03/24/02ecdc2d-b4ed-4792-919e-77bf1689471a_314e009c.jpg?itok=mzfG9siv,image/jpeg,1280,720,https://cdn.i-scmp.com/sites/default/files/styles/1280x720/public/d8/images/canvas/2025/03/24/02ecdc2d-b4ed-4792-919e-77bf1689471a_314e009c.jpg?itok=mzfG9siv,image/jpeg,1280,2025-03-24 16:30:17,
Hong Kong - South China Morning Post,https://www.scmp.com/rss/2/feed,"Breaking news, analysis and opinion from the SCMP's Hong Kong edition.",en,Hong Kong hospitals can save at least HK$24 million a year with new drug vetting system,https://www.scmp.com/news/hong-kong/health-environment/article/3303608/hong-kong-hospitals-can-save-millions-year-new-drug-vetting-system?utm_source=rss_feed,Pharmaceutical firms may consult health authorities individually to speed up process under streamlined drug approval system.,"Mon, 24 Mar 2025 15:58:05 +0800",https://www.scmp.com/news/hong-kong/health-environment/article/3303608/hong-kong-hospitals-can-save-millions-year-new-drug-vetting-system?utm_source=rss_feed,Elizabeth Cheung,Elizabeth Cheung,https://cdn.i-scmp.com/sites/default/files/styles/1280x720/public/d8/images/canvas/2025/03/24/4bd159b2-dc02-4c60-be66-03d969179e66_e294e174.jpg?itok=HXTVClWI,image/jpeg,1280,720,https://cdn.i-scmp.com/sites/default/files/styles/1280x720/public/d8/images/canvas/2025/03/24/4bd159b2-dc02-4c60-be66-03d969179e66_e294e174.jpg?itok=HXTVClWI,image/jpeg,1280,2025-03-24 15:58:05,
Hong Kong - South China Morning Post,https://www.scmp.com/rss/2/feed,"Breaking news, analysis and opinion from the SCMP's Hong Kong edition.",en,Hong Kong urged to offer well-off tenants priority ‘carrot’ to buy subsidised flats,https://www.scmp.com/news/hong-kong/society/article/3303576/hong-kong-urged-offer-rich-tenants-priority-carrot-buy-subsidised-flats?utm_source=rss_feed,Call made after authorities announce plan to raise rent and evict wealthier tenants from public rental flats.,"Mon, 24 Mar 2025 12:32:42 +0800",https://www.scmp.com/news/hong-kong/society/article/3303576/hong-kong-urged-offer-rich-tenants-priority-carrot-buy-subsidised-flats?utm_source=rss_feed,Lo Hoi-ying,Lo Hoi-ying,https://cdn.i-scmp.com/sites/default/files/styles/1280x720/public/d8/images/canvas/2025/03/24/ebf427d0-be35-4d1d-a074-1a3718831cd6_6defb1e2.jpg?itok=GcUf1sJP,image/jpeg,1280,720,https://cdn.i-scmp.com/sites/default/files/styles/1280x720/public/d8/images/canvas/2025/03/24/ebf427d0-be35-4d1d-a074-1a3718831cd6_6defb1e2.jpg?itok=GcUf1sJP,image/jpeg,1280,2025-03-24 12:32:42,
Hong Kong - South China Morning Post,https://www.scmp.com/rss/2/feed,"Breaking news, analysis and opinion from the SCMP's Hong Kong edition.",en,"China’s deep-sea cable cutter, Gen Z’s cosmetic cravings: 5 weekend reads you missed",https://www.scmp.com/news/world/article/3303568/chinas-deep-sea-cable-cutter-gen-zs-cosmetic-cravings-5-weekend-reads-you-missed?utm_source=rss_feed,"From China’s potentially game-changing device to a chef’s push to preserve traditions, here are five stories you may have missed over the weekend.","Mon, 24 Mar 2025 12:00:10 +0800",https://www.scmp.com/news/world/article/3303568/chinas-deep-sea-cable-cutter-gen-zs-cosmetic-cravings-5-weekend-reads-you-missed?utm_source=rss_feed,SCMP,SCMP,https://cdn.i-scmp.com/sites/default/files/styles/1280x720/public/d8/images/canvas/2025/03/24/9c02223f-9b93-4778-92ce-c6c5718486ee_15a545b4.jpg?itok=LFAZfmpi,image/jpeg,1280,720,https://cdn.i-scmp.com/sites/default/files/styles/1280x720/public/d8/images/canvas/2025/03/24/9c02223f-9b93-4778-92ce-c6c5718486ee_15a545b4.jpg?itok=LFAZfmpi,image/jpeg,1280,2025-03-24 12:00:10,
Hong Kong - South China Morning Post,https://www.scmp.com/rss/2/feed,"Breaking news, analysis and opinion from the SCMP's Hong Kong edition.",en,"Hong Kong may need 7 to 15 years to digest city’s glut of commercial space, experts say",https://www.scmp.com/business/article/3303518/hong-kong-landlords-may-take-7-15-years-end-office-glut-market-experts-say?utm_source=rss_feed,"The city has 15 million sq ft of excess office space, more than all the current space in the main business district.","Mon, 24 Mar 2025 09:30:14 +0800",https://www.scmp.com/business/article/3303518/hong-kong-landlords-may-take-7-15-years-end-office-glut-market-experts-say?utm_source=rss_feed,Cheryl Arcibal,Cheryl Arcibal,https://cdn.i-scmp.com/sites/default/files/styles/1280x720/public/d8/images/canvas/2025/03/23/01f79672-d43d-4999-a2e5-5a411272b221_e6842bea.jpg?itok=zjFwvxYq,image/jpeg,1280,720,https://cdn.i-scmp.com/sites/default/files/styles/1280x720/public/d8/images/canvas/2025/03/23/01f79672-d43d-4999-a2e5-5a411272b221_e6842bea.jpg?itok=zjFwvxYq,image/jpeg,1280,2025-03-24 09:30:14,
Hong Kong - South China Morning Post,https://www.scmp.com/rss/2/feed,"Breaking news, analysis and opinion from the SCMP's Hong Kong edition.",en,Kai Tak venue fiasco must not be repeated at Hong Kong Sevens,https://www.scmp.com/opinion/hong-kong-opinion/article/3303290/kai-tak-venue-fiasco-must-not-be-repeated-hong-kong-sevens?utm_source=rss_feed,"If Kai Tak Sports Park’s early days are any indication, the government must be hands-on to ensure Hong Kong avoids further embarrassment.","Mon, 24 Mar 2025 09:30:09 +0800",https://www.scmp.com/opinion/hong-kong-opinion/article/3303290/kai-tak-venue-fiasco-must-not-be-repeated-hong-kong-sevens?utm_source=rss_feed,Alice Wu,Alice Wu,https://cdn.i-scmp.com/sites/default/files/styles/1280x720/public/d8/images/canvas/2025/03/21/a09113f6-2d9a-4c5e-ab19-5bbdbdf05afa_24e27ca4.jpg?itok=wkZK1uux,image/jpeg,1280,720,https://cdn.i-scmp.com/sites/default/files/styles/1280x720/public/d8/images/canvas/2025/03/21/a09113f6-2d9a-4c5e-ab19-5bbdbdf05afa_24e27ca4.jpg?itok=wkZK1uux,image/jpeg,1280,2025-03-24 09:30:09,
Hong Kong - South China Morning Post,https://www.scmp.com/rss/2/feed,"Breaking news, analysis and opinion from the SCMP's Hong Kong edition.",en,Hong Kong in talks with banks on how to freeze scam-linked accounts more swiftly,https://www.scmp.com/news/hong-kong/hong-kong-economy/article/3303546/hong-kong-talks-banks-how-freeze-scam-linked-accounts-more-swiftly?utm_source=rss_feed,"HKMA, police discuss options with banks in bid to prevent scammers from quickly transferring money out of city, Post learns.","Mon, 24 Mar 2025 08:30:14 +0800",https://www.scmp.com/news/hong-kong/hong-kong-economy/article/3303546/hong-kong-talks-banks-how-freeze-scam-linked-accounts-more-swiftly?utm_source=rss_feed,Lam Ka-sing,Lam Ka-sing,https://cdn.i-scmp.com/sites/default/files/styles/1280x720/public/d8/images/canvas/2025/03/23/5a86a4f4-07c4-488d-a4d7-dd3e84edbc29_e8bd04d6.jpg?itok=mf40MBLL,image/jpeg,1280,720,https://cdn.i-scmp.com/sites/default/files/styles/1280x720/public/d8/images/canvas/2025/03/23/5a86a4f4-07c4-488d-a4d7-dd3e84edbc29_e8bd04d6.jpg?itok=mf40MBLL,image/jpeg,1280,2025-03-24 08:30:14,
Hong Kong - South China Morning Post,https://www.scmp.com/rss/2/feed,"Breaking news, analysis and opinion from the SCMP's Hong Kong edition.",en,Ping An eyes life insurance expansion in Hong Kong for retirement services: CEO,https://www.scmp.com/business/markets/article/3303504/ping-eyes-life-insurance-expansion-hong-kong-retirement-services-ceo?utm_source=rss_feed,"The insurer is weighing different entry strategies that include applying for a new licence, partnerships and acquisitions.","Mon, 24 Mar 2025 08:30:11 +0800",https://www.scmp.com/business/markets/article/3303504/ping-eyes-life-insurance-expansion-hong-kong-retirement-services-ceo?utm_source=rss_feed,Enoch Yiu,Enoch Yiu,https://cdn.i-scmp.com/sites/default/files/styles/1280x720/public/d8/images/canvas/2025/03/23/f2614433-9fa3-4abc-97aa-b2c65f2b7078_9f976e6c.jpg?itok=NXAH4k0_,image/jpeg,1280,720,https://cdn.i-scmp.com/sites/default/files/styles/1280x720/public/d8/images/canvas/2025/03/23/f2614433-9fa3-4abc-97aa-b2c65f2b7078_9f976e6c.jpg?itok=NXAH4k0_,image/jpeg,1280,2025-03-24 08:30:11,
Hong Kong - South China Morning Post,https://www.scmp.com/rss/2/feed,"Breaking news, analysis and opinion from the SCMP's Hong Kong edition.",en,Standard Chartered plans Hong Kong wealth centres to tap US$200 billion of ‘new money’,https://www.scmp.com/business/banking-finance/article/3303289/standard-chartered-plans-hong-kong-wealth-centres-appeal-us200-bln-new-money?utm_source=rss_feed,"The next wealth management centre will open in Central later this year, while the bank scouts for new locations in the city.","Mon, 24 Mar 2025 07:30:11 +0800",https://www.scmp.com/business/banking-finance/article/3303289/standard-chartered-plans-hong-kong-wealth-centres-appeal-us200-bln-new-money?utm_source=rss_feed,Aileen Chuang,Aileen Chuang,https://cdn.i-scmp.com/sites/default/files/styles/1280x720/public/d8/images/canvas/2025/03/21/49238ece-ce92-4b41-842c-420acf358435_fa39753c.jpg?itok=DisjehJ3,image/jpeg,1280,720,https://cdn.i-scmp.com/sites/default/files/styles/1280x720/public/d8/images/canvas/2025/03/21/49238ece-ce92-4b41-842c-420acf358435_fa39753c.jpg?itok=DisjehJ3,image/jpeg,1280,2025-03-24 07:30:11,
Hong Kong - South China Morning Post,https://www.scmp.com/rss/2/feed,"Breaking news, analysis and opinion from the SCMP's Hong Kong edition.",en,Hong Kong’s vision of becoming AI hub demands clear road map,https://www.scmp.com/opinion/hong-kong-opinion/article/3302984/hong-kongs-vision-becoming-ai-hub-demands-clear-road-map?utm_source=rss_feed,"Success requires strong leadership, a clear development path, community buy-in and bold, forward-thinking policies from the government.","Mon, 24 Mar 2025 05:30:08 +0800",https://www.scmp.com/opinion/hong-kong-opinion/article/3302984/hong-kongs-vision-becoming-ai-hub-demands-clear-road-map?utm_source=rss_feed,"Rachel Chan,Edward Tsoi","Rachel Chan,Edward Tsoi",https://cdn.i-scmp.com/sites/default/files/styles/1280x720/public/d8/images/canvas/2025/03/19/60306b9e-fa70-4e31-a5d7-b35f5374d827_62b22161.jpg?itok=X6kW3cs2,image/jpeg,1280,720,https://cdn.i-scmp.com/sites/default/files/styles/1280x720/public/d8/images/canvas/2025/03/19/60306b9e-fa70-4e31-a5d7-b35f5374d827_62b22161.jpg?itok=X6kW3cs2,image/jpeg,1280,2025-03-24 05:30:08,
Hong Kong - South China Morning Post,https://www.scmp.com/rss/2/feed,"Breaking news, analysis and opinion from the SCMP's Hong Kong edition.",en,HKIS moves to strengthen leadership team,https://www.scmp.com/presented/news/hong-kong/education/topics/hkis-moves-strengthen-leadership-team/article/3302930/hkis-moves-strengthen-leadership-team?utm_source=rss_feed,"[The content of this article has been produced by our advertising partner.]  Heading to Hong Kong a few months from now, Elizabeth Elizardi is clearly excited by the prospect of a new challenge and the turn her career has taken.  As from August 1, she will be Lower Primary principal at Hong Kong International School (HKIS), with overall responsibility for the section’s 700-plus pupils and close involvement in the launch of an eagerly anticipated dual-language immersion programme in English and Mandarin.  “What first attracted me was HKIS’s play-based Reggio Emilia inspired model of early childhood and elementary education,” says Elizardi, who is currently interim head of school at The Country Day School in McLean, Virginia. “This is an area I am passionate about and, over the last 10 years as a leader in independent schools in the US, I have built a level of expertise working with this model and this age group.”  For teachers, using the Reggio approach can be testing. In particular, it requires an understanding of the complexity at the intersection of play and academic excellence, and that the two are not mutually exclusive.   However, during an initial visit to HKIS for a series of interviews, Elizardi was greatly impressed by the evident dedication of her future colleagues to creating this kind of learning environment and developing the unique potential of every child.  “Everything I had read about the school was aligned with my philosophy of education and what I believe in,” she says. “And the chance to be somewhere that is so well-resourced and has state-of-the-art facilities convinced me this was the place to be.”   Other determining factors were HKIS’s essentially American curriculum plus the fact that, at this point in her life, Elizardi simply felt the time was right to do something a bit more adventurous.  Back in the day, after graduating with a bachelor’s degree in elementary education, she had considered a spell overseas with the Peace Corps. Instead, she opted to go into teaching and…","Mon, 24 Mar 2025 00:00:11 +0800",https://www.scmp.com/presented/news/hong-kong/education/topics/hkis-moves-strengthen-leadership-team/article/3302930/hkis-moves-strengthen-leadership-team?utm_source=rss_feed,Advertising partner,Advertising partner,https://cdn.i-scmp.com/sites/default/files/styles/1280x720/public/d8/images/2025/03/19/HKIS-2024-RB-107.jpg?itok=6lqh80PV,image/jpeg,1280,720,https://cdn.i-scmp.com/sites/default/files/styles/1280x720/public/d8/images/2025/03/19/HKIS-2024-RB-107.jpg?itok=6lqh80PV,image/jpeg,1280,2025-03-24 00:00:11,
Hong Kong - South China Morning Post,https://www.scmp.com/rss/2/feed,"Breaking news, analysis and opinion from the SCMP's Hong Kong edition.",en,Hong Kong’s security chief attacks Guardian newspaper over Jimmy Lai claim,https://www.scmp.com/news/hong-kong/law-and-crime/article/3303545/hong-kongs-security-chief-attacks-guardian-newspaper-over-jimmy-lai-claim?utm_source=rss_feed,Secretary for Security Chris Tang says article used ‘misleading’ language in criticising top court’s rejection of Lai’s appeal over foreign lawyer.,"Sun, 23 Mar 2025 23:26:41 +0800",https://www.scmp.com/news/hong-kong/law-and-crime/article/3303545/hong-kongs-security-chief-attacks-guardian-newspaper-over-jimmy-lai-claim?utm_source=rss_feed,Emily Hung,Emily Hung,https://cdn.i-scmp.com/sites/default/files/styles/1280x720/public/d8/images/canvas/2025/03/24/dbd9429f-92c3-439d-a5ad-ef743717cead_4a99341c.jpg?itok=wKmo-cf7,image/jpeg,1280,720,https://cdn.i-scmp.com/sites/default/files/styles/1280x720/public/d8/images/canvas/2025/03/24/dbd9429f-92c3-439d-a5ad-ef743717cead_4a99341c.jpg?itok=wKmo-cf7,image/jpeg,1280,2025-03-23 23:26:41,
Hong Kong - South China Morning Post,https://www.scmp.com/rss/2/feed,"Breaking news, analysis and opinion from the SCMP's Hong Kong edition.",en,"Hong Kong should have system to pause labour import scheme, workers’ union says",https://www.scmp.com/news/hong-kong/article/3303542/hong-kong-should-have-system-pause-labour-import-scheme-workers-union-says?utm_source=rss_feed,"Federation of Trade Unions says sectors facing rising unemployment need relief, citing impact of arrival of 75,000 workers in past two years.","Sun, 23 Mar 2025 22:19:38 +0800",https://www.scmp.com/news/hong-kong/article/3303542/hong-kong-should-have-system-pause-labour-import-scheme-workers-union-says?utm_source=rss_feed,Emily Hung,Emily Hung,https://cdn.i-scmp.com/sites/default/files/styles/1280x720/public/d8/images/canvas/2025/03/23/46ea044c-3704-44aa-9f81-b73ff41095a7_fd8a2743.jpg?itok=UOesBbsx,image/jpeg,1280,720,https://cdn.i-scmp.com/sites/default/files/styles/1280x720/public/d8/images/canvas/2025/03/23/46ea044c-3704-44aa-9f81-b73ff41095a7_fd8a2743.jpg?itok=UOesBbsx,image/jpeg,1280,2025-03-23 22:19:38,
Hong Kong - South China Morning Post,https://www.scmp.com/rss/2/feed,"Breaking news, analysis and opinion from the SCMP's Hong Kong edition.",en,8 members of Hong Kong study tour to mainland China infected with norovirus,https://www.scmp.com/news/hong-kong/health-environment/article/3303539/8-members-hong-kong-study-tour-mainland-china-infected-norovirus?utm_source=rss_feed,Another 13 from Po Leung Kuk Lo Kit Sing (1983) College who went on exchange tour to Zhaoqing displaying symptoms of virus.,"Sun, 23 Mar 2025 21:21:38 +0800",https://www.scmp.com/news/hong-kong/health-environment/article/3303539/8-members-hong-kong-study-tour-mainland-china-infected-norovirus?utm_source=rss_feed,Danny Mok,Danny Mok,https://cdn.i-scmp.com/sites/default/files/styles/1280x720/public/d8/images/canvas/2025/03/23/de780aae-1e9b-4566-9f94-c689b279347a_563b3646.jpg?itok=FBpVMYvs,image/jpeg,1280,720,https://cdn.i-scmp.com/sites/default/files/styles/1280x720/public/d8/images/canvas/2025/03/23/de780aae-1e9b-4566-9f94-c689b279347a_563b3646.jpg?itok=FBpVMYvs,image/jpeg,1280,2025-03-23 21:21:38,
Hong Kong - South China Morning Post,https://www.scmp.com/rss/2/feed,"Breaking news, analysis and opinion from the SCMP's Hong Kong edition.",en,Investigation launched into hacking of student’s records at elite Hong Kong school,https://www.scmp.com/news/hong-kong/education/article/3303537/investigation-launched-hacking-students-records-elite-hong-kong-school?utm_source=rss_feed,Unauthorised individual accessed and modified Queen’s College violation records for student under different teachers’ names.,"Sun, 23 Mar 2025 21:05:34 +0800",https://www.scmp.com/news/hong-kong/education/article/3303537/investigation-launched-hacking-students-records-elite-hong-kong-school?utm_source=rss_feed,Oscar Liu,Oscar Liu,https://cdn.i-scmp.com/sites/default/files/styles/1280x720/public/d8/images/canvas/2025/03/23/8d57a76c-ebd2-4b76-b1d2-1d37356d81ee_58d0d6b2.jpg?itok=_QG5J5vY,image/jpeg,1280,720,https://cdn.i-scmp.com/sites/default/files/styles/1280x720/public/d8/images/canvas/2025/03/23/8d57a76c-ebd2-4b76-b1d2-1d37356d81ee_58d0d6b2.jpg?itok=_QG5J5vY,image/jpeg,1280,2025-03-23 21:05:34,
Hong Kong - South China Morning Post,https://www.scmp.com/rss/2/feed,"Breaking news, analysis and opinion from the SCMP's Hong Kong edition.",en,K-pop group NJZ tells fans it will take break from shows after Hong Kong concert,https://www.scmp.com/news/hong-kong/society/article/3303534/thousands-gather-complexcon-hong-kongs-final-day-fans-await-headliner-njz?utm_source=rss_feed,Group formerly known as NewJeans says it will pause all activities ‘out of respect for the court’s decisions’ amid legal dispute with former agency.,"Sun, 23 Mar 2025 20:42:29 +0800",https://www.scmp.com/news/hong-kong/society/article/3303534/thousands-gather-complexcon-hong-kongs-final-day-fans-await-headliner-njz?utm_source=rss_feed,"Ambrose Li,Oscar Liu","Ambrose Li,Oscar Liu",https://cdn.i-scmp.com/sites/default/files/styles/1280x720/public/d8/images/canvas/2025/03/23/026ac44a-1a8f-4841-9880-4c05e33c1a70_619fd710.jpg?itok=Ntl5ln8m,image/jpeg,1280,720,https://cdn.i-scmp.com/sites/default/files/styles/1280x720/public/d8/images/canvas/2025/03/23/026ac44a-1a8f-4841-9880-4c05e33c1a70_619fd710.jpg?itok=Ntl5ln8m,image/jpeg,1280,2025-03-23 20:42:29,
Hong Kong - South China Morning Post,https://www.scmp.com/rss/2/feed,"Breaking news, analysis and opinion from the SCMP's Hong Kong edition.",en,Water leak during eye surgery at Hong Kong teaching hospital prompts probe,https://www.scmp.com/news/hong-kong/health-environment/article/3303533/operating-theatre-leak-hong-kong-teaching-hospital-prompts-investigation?utm_source=rss_feed,Doctors and medical staff at CUHK Medical Centre in Sha Tin covered patient with cloth to prevent her from getting wet.,"Sun, 23 Mar 2025 20:26:43 +0800",https://www.scmp.com/news/hong-kong/health-environment/article/3303533/operating-theatre-leak-hong-kong-teaching-hospital-prompts-investigation?utm_source=rss_feed,Ng Kang-chung,Ng Kang-chung,https://cdn.i-scmp.com/sites/default/files/styles/1280x720/public/d8/images/canvas/2025/03/23/1a3cf96c-54ae-4b09-b652-e7bde9ff3014_7ddb497a.jpg?itok=po0JrsJz,image/jpeg,1280,720,https://cdn.i-scmp.com/sites/default/files/styles/1280x720/public/d8/images/canvas/2025/03/23/1a3cf96c-54ae-4b09-b652-e7bde9ff3014_7ddb497a.jpg?itok=po0JrsJz,image/jpeg,1280,2025-03-23 20:26:43,
Hong Kong - South China Morning Post,https://www.scmp.com/rss/2/feed,"Breaking news, analysis and opinion from the SCMP's Hong Kong edition.",en,"Beijing is upset, but why is it limiting criticism of Hutchison’s pull-out from Panama?",https://www.scmp.com/news/hong-kong/politics/article/3303525/beijing-upset-why-it-limiting-criticism-hutchisons-pull-out-panama?utm_source=rss_feed,Closer look at Beijing’s mixed ‘semi-official’ approach to voicing disapproval shows what is at stake in saga involving Li Ka-shing’s conglomerate.,"Sun, 23 Mar 2025 19:15:56 +0800",https://www.scmp.com/news/hong-kong/politics/article/3303525/beijing-upset-why-it-limiting-criticism-hutchisons-pull-out-panama?utm_source=rss_feed,Tammy Tam,Tammy Tam,https://cdn.i-scmp.com/sites/default/files/styles/1280x720/public/d8/images/canvas/2025/03/23/b873084b-942c-43b5-bcaf-9f67050d2c5d_46b47075.jpg?itok=yYUg-oax,image/jpeg,1280,720,https://cdn.i-scmp.com/sites/default/files/styles/1280x720/public/d8/images/canvas/2025/03/23/b873084b-942c-43b5-bcaf-9f67050d2c5d_46b47075.jpg?itok=yYUg-oax,image/jpeg,1280,2025-03-23 19:15:56,
Hong Kong - South China Morning Post,https://www.scmp.com/rss/2/feed,"Breaking news, analysis and opinion from the SCMP's Hong Kong edition.",en,Hong Kong to change laws to allow for passenger drone flights,https://www.scmp.com/news/hong-kong/society/article/3303523/hong-kong-change-laws-allow-passenger-drone-flights?utm_source=rss_feed,Transport minister Mable Chan also addresses possibility of cross-border or Victoria Harbour routes.,"Sun, 23 Mar 2025 18:48:50 +0800",https://www.scmp.com/news/hong-kong/society/article/3303523/hong-kong-change-laws-allow-passenger-drone-flights?utm_source=rss_feed,Danny Mok,Danny Mok,https://cdn.i-scmp.com/sites/default/files/styles/1280x720/public/d8/images/canvas/2025/03/23/58eafe7f-f67e-4040-8193-9d36ad9dbee9_abb78042.jpg?itok=bHXTHu2y,image/jpeg,1280,720,https://cdn.i-scmp.com/sites/default/files/styles/1280x720/public/d8/images/canvas/2025/03/23/58eafe7f-f67e-4040-8193-9d36ad9dbee9_abb78042.jpg?itok=bHXTHu2y,image/jpeg,1280,2025-03-23 18:48:50,
Hong Kong - South China Morning Post,https://www.scmp.com/rss/2/feed,"Breaking news, analysis and opinion from the SCMP's Hong Kong edition.",en,Hong Kong seeks developers for joint cross-border railway project to Shenzhen,https://www.scmp.com/news/hong-kong/transport/article/3303519/hong-kong-seeks-developers-joint-cross-border-railway-project-shenzhen?utm_source=rss_feed,Project is likely to include station on mainland side to ease congestion at existing Shenzhen Bay control point.,"Sun, 23 Mar 2025 18:27:43 +0800",https://www.scmp.com/news/hong-kong/transport/article/3303519/hong-kong-seeks-developers-joint-cross-border-railway-project-shenzhen?utm_source=rss_feed,Ng Kang-chung,Ng Kang-chung,https://cdn.i-scmp.com/sites/default/files/styles/1280x720/public/d8/images/canvas/2025/03/23/f16b7d07-6aae-4abc-8d4a-e60871aad33f_760783c2.jpg?itok=1Avno8bJ,image/jpeg,1280,720,https://cdn.i-scmp.com/sites/default/files/styles/1280x720/public/d8/images/canvas/2025/03/23/f16b7d07-6aae-4abc-8d4a-e60871aad33f_760783c2.jpg?itok=1Avno8bJ,image/jpeg,1280,2025-03-23 18:27:43,
Hong Kong - South China Morning Post,https://www.scmp.com/rss/2/feed,"Breaking news, analysis and opinion from the SCMP's Hong Kong edition.",en,How Hong Kong can dig itself out of recurring deficits,https://www.scmp.com/opinion/hong-kong-opinion/article/3303111/how-hong-kong-can-dig-itself-out-recurring-deficits?utm_source=rss_feed,"As the city borrows money to fund development, it risks depleting its savings unless policymakers act decisively to find new sources of revenue.","Sun, 23 Mar 2025 16:30:09 +0800",https://www.scmp.com/opinion/hong-kong-opinion/article/3303111/how-hong-kong-can-dig-itself-out-recurring-deficits?utm_source=rss_feed,Mike Rowse,Mike Rowse,https://cdn.i-scmp.com/sites/default/files/styles/1280x720/public/d8/images/canvas/2025/03/21/4fe2eadc-d307-476b-a419-f92b0fdb817c_6d4c1e4d.jpg?itok=662130nX,image/jpeg,1280,720,https://cdn.i-scmp.com/sites/default/files/styles/1280x720/public/d8/images/canvas/2025/03/21/4fe2eadc-d307-476b-a419-f92b0fdb817c_6d4c1e4d.jpg?itok=662130nX,image/jpeg,1280,2025-03-23 16:30:09,
Hong Kong - South China Morning Post,https://www.scmp.com/rss/2/feed,"Breaking news, analysis and opinion from the SCMP's Hong Kong edition.",en,Hong Kong tech start-ups eyeing US should ‘talk less’ about AI: Science Park CEO,https://www.scmp.com/news/hong-kong/hong-kong-economy/article/3303513/hong-kong-tech-start-ups-eyeing-us-should-talk-less-about-ai-science-park-ceo?utm_source=rss_feed,"Albert Wong urges start-ups to focus on pitching practical applications of products, amid Sino-US tensions and rivalry over AI.","Sun, 23 Mar 2025 16:24:40 +0800",https://www.scmp.com/news/hong-kong/hong-kong-economy/article/3303513/hong-kong-tech-start-ups-eyeing-us-should-talk-less-about-ai-science-park-ceo?utm_source=rss_feed,Lo Hoi-ying,Lo Hoi-ying,https://cdn.i-scmp.com/sites/default/files/styles/1280x720/public/d8/images/canvas/2025/03/23/754d8b94-2c0f-437e-9237-48b850c68bd3_8db582b1.jpg?itok=5a3wFUsQ,image/jpeg,1280,720,https://cdn.i-scmp.com/sites/default/files/styles/1280x720/public/d8/images/canvas/2025/03/23/754d8b94-2c0f-437e-9237-48b850c68bd3_8db582b1.jpg?itok=5a3wFUsQ,image/jpeg,1280,2025-03-23 16:24:40,
Hong Kong - South China Morning Post,https://www.scmp.com/rss/2/feed,"Breaking news, analysis and opinion from the SCMP's Hong Kong edition.",en,‘Gift of life’: Hong Kong breast milk bank collects over 300 litres,https://www.scmp.com/news/hong-kong/health-environment/article/3303511/gift-life-hong-kong-breast-milk-bank-collects-over-300-litres-premature-babies?utm_source=rss_feed,"More donations needed to reach aim of collecting 1,000 litres annually to help 450 to 600 premature and critically ill newborns.","Sun, 23 Mar 2025 16:09:24 +0800",https://www.scmp.com/news/hong-kong/health-environment/article/3303511/gift-life-hong-kong-breast-milk-bank-collects-over-300-litres-premature-babies?utm_source=rss_feed,Lo Hoi-ying,Lo Hoi-ying,https://cdn.i-scmp.com/sites/default/files/styles/1280x720/public/d8/images/canvas/2025/03/24/5d7461c8-e5a0-413e-8b60-b496f80cf155_4c9da62d.jpg?itok=BuBBdzKH,image/jpeg,1280,720,https://cdn.i-scmp.com/sites/default/files/styles/1280x720/public/d8/images/canvas/2025/03/24/5d7461c8-e5a0-413e-8b60-b496f80cf155_4c9da62d.jpg?itok=BuBBdzKH,image/jpeg,1280,2025-03-23 16:09:24,
Hong Kong - South China Morning Post,https://www.scmp.com/rss/2/feed,"Breaking news, analysis and opinion from the SCMP's Hong Kong edition.",en,"Record high 400,000 Hong Kong residents listed on organ donation register",https://www.scmp.com/news/hong-kong/health-environment/article/3303508/record-high-400000-hong-kong-residents-join-organ-donation-register?utm_source=rss_feed,"Health minister hails ‘selfless’ and ‘mighty’ acts, while advocate notes city still has one of lowest organ donation rates globally.","Sun, 23 Mar 2025 15:22:40 +0800",https://www.scmp.com/news/hong-kong/health-environment/article/3303508/record-high-400000-hong-kong-residents-join-organ-donation-register?utm_source=rss_feed,Edith Lin,Edith Lin,https://cdn.i-scmp.com/sites/default/files/styles/1280x720/public/d8/images/canvas/2025/03/23/71b3b279-1409-4068-80dd-de0d600a5d19_d0e830ea.jpg?itok=KNAbkTD3,image/jpeg,1280,720,https://cdn.i-scmp.com/sites/default/files/styles/1280x720/public/d8/images/canvas/2025/03/23/71b3b279-1409-4068-80dd-de0d600a5d19_d0e830ea.jpg?itok=KNAbkTD3,image/jpeg,1280,2025-03-23 15:22:40,
Hong Kong - South China Morning Post,https://www.scmp.com/rss/2/feed,"Breaking news, analysis and opinion from the SCMP's Hong Kong edition.",en,Coldplay ticketing error: number of complaints to Hong Kong watchdog hits 25,https://www.scmp.com/news/hong-kong/society/article/3303507/coldplay-ticketing-errors-number-complaints-hong-kong-watchdog-reaches-25?utm_source=rss_feed,Consumer Council to urge ticket seller Cityline to arrange exchange service as soon as possible to ‘protect the rights and interests’ of customers.,"Sun, 23 Mar 2025 15:11:43 +0800",https://www.scmp.com/news/hong-kong/society/article/3303507/coldplay-ticketing-errors-number-complaints-hong-kong-watchdog-reaches-25?utm_source=rss_feed,Jiang Chuqin,Jiang Chuqin,https://cdn.i-scmp.com/sites/default/files/styles/1280x720/public/d8/images/canvas/2025/03/23/bfc8d914-53ab-4048-8212-538d9726eb3f_0920f773.jpg?itok=UsxD9BWk,image/jpeg,1280,720,https://cdn.i-scmp.com/sites/default/files/styles/1280x720/public/d8/images/canvas/2025/03/23/bfc8d914-53ab-4048-8212-538d9726eb3f_0920f773.jpg?itok=UsxD9BWk,image/jpeg,1280,2025-03-23 15:11:43,
Hong Kong - South China Morning Post,https://www.scmp.com/rss/2/feed,"Breaking news, analysis and opinion from the SCMP's Hong Kong edition.",en,"Beijing AI firm to establish global headquarters in Hong Kong, hold IPO in city",https://www.scmp.com/news/hong-kong/hong-kong-economy/article/3303501/beijing-based-ai-firm-keen-hong-kong-ipo-global-headquarters-paul-chan?utm_source=rss_feed,Hong Kong finance minister Paul Chan confirms Post report that AICT aims to list in city.,"Sun, 23 Mar 2025 13:58:53 +0800",https://www.scmp.com/news/hong-kong/hong-kong-economy/article/3303501/beijing-based-ai-firm-keen-hong-kong-ipo-global-headquarters-paul-chan?utm_source=rss_feed,Edith Lin,Edith Lin,https://cdn.i-scmp.com/sites/default/files/styles/1280x720/public/d8/images/canvas/2025/03/23/e7d97828-1309-4a68-b668-cc613b178b21_2ba80a54.jpg?itok=2RNBrP69,image/jpeg,1280,720,https://cdn.i-scmp.com/sites/default/files/styles/1280x720/public/d8/images/canvas/2025/03/23/e7d97828-1309-4a68-b668-cc613b178b21_2ba80a54.jpg?itok=2RNBrP69,image/jpeg,1280,2025-03-23 13:58:53,
Hong Kong - South China Morning Post,https://www.scmp.com/rss/2/feed,"Breaking news, analysis and opinion from the SCMP's Hong Kong edition.",en,"As sun sets on Hong Kong’s Sunbeam Theatre, what’s left for Cantonese opera in the city?",https://www.scmp.com/news/hong-kong/society/article/3303498/sun-sets-hong-kongs-sunbeam-theatre-whats-left-cantonese-opera-city?utm_source=rss_feed,The church group that purchased the theatre plans to convert the building into a community centre.,"Sun, 23 Mar 2025 12:29:41 +0800",https://www.scmp.com/news/hong-kong/society/article/3303498/sun-sets-hong-kongs-sunbeam-theatre-whats-left-cantonese-opera-city?utm_source=rss_feed,Llewellyn Cheung,Llewellyn Cheung,https://cdn.i-scmp.com/sites/default/files/styles/1280x720/public/d8/images/canvas/2025/03/23/5972770f-de31-4555-947d-3bbc30c7c24a_0536ed95.jpg?itok=Ib5UxBDk,image/jpeg,1280,720,https://cdn.i-scmp.com/sites/default/files/styles/1280x720/public/d8/images/canvas/2025/03/23/5972770f-de31-4555-947d-3bbc30c7c24a_0536ed95.jpg?itok=Ib5UxBDk,image/jpeg,1280,2025-03-23 12:29:41,
Hong Kong - South China Morning Post,https://www.scmp.com/rss/2/feed,"Breaking news, analysis and opinion from the SCMP's Hong Kong edition.",en,Hong Kong cafe where hundreds of stray cats found haven forced to close,https://www.scmp.com/news/hong-kong/society/article/3303472/hong-kong-cafe-where-hundreds-stray-cats-found-haven-forced-close?utm_source=rss_feed,"Sick, skinny, lost – all types of felines have ended up at Siu Lam-lam’s Dundas Cafe in Mong Kok, but her days as neighbourhood carer are coming to an end.","Sun, 23 Mar 2025 12:00:08 +0800",https://www.scmp.com/news/hong-kong/society/article/3303472/hong-kong-cafe-where-hundreds-stray-cats-found-haven-forced-close?utm_source=rss_feed,Jiang Chuqin,Jiang Chuqin,https://cdn.i-scmp.com/sites/default/files/styles/1280x720/public/d8/images/canvas/2025/03/22/53c8b578-5793-4adb-9b9b-f43d01541463_6a113e6f.jpg?itok=4niL1get,image/jpeg,1280,720,https://cdn.i-scmp.com/sites/default/files/styles/1280x720/public/d8/images/canvas/2025/03/22/53c8b578-5793-4adb-9b9b-f43d01541463_6a113e6f.jpg?itok=4niL1get,image/jpeg,1280,2025-03-23 12:00:08,
Hong Kong - South China Morning Post,https://www.scmp.com/rss/2/feed,"Breaking news, analysis and opinion from the SCMP's Hong Kong edition.",en,"Hong Kong property demand aided by stamp duty cuts, but stocks and interest rates are key",https://www.scmp.com/business/article/3303455/hong-kong-property-demand-aided-stamp-duty-cuts-stocks-and-interest-rates-are-key?utm_source=rss_feed,"The market’s long-term recovery depends on interest rate trends, as homebuyers remain cautious amid the US-China trade war, experts say.","Sun, 23 Mar 2025 11:30:11 +0800",https://www.scmp.com/business/article/3303455/hong-kong-property-demand-aided-stamp-duty-cuts-stocks-and-interest-rates-are-key?utm_source=rss_feed,Salina Li,Salina Li,https://cdn.i-scmp.com/sites/default/files/styles/1280x720/public/d8/images/canvas/2025/03/22/ca06243d-f54c-4691-ab46-1d266929b08f_ee18ea5c.jpg?itok=8JJBOgH_,image/jpeg,1280,720,https://cdn.i-scmp.com/sites/default/files/styles/1280x720/public/d8/images/canvas/2025/03/22/ca06243d-f54c-4691-ab46-1d266929b08f_ee18ea5c.jpg?itok=8JJBOgH_,image/jpeg,1280,2025-03-23 11:30:11,
Hong Kong - South China Morning Post,https://www.scmp.com/rss/2/feed,"Breaking news, analysis and opinion from the SCMP's Hong Kong edition.",en,Top Hong Kong women CEOs talk about the beloved school that fuelled their success,https://www.scmp.com/business/banking-finance/article/3303388/top-hong-kong-women-ceos-talk-about-beloved-school-fuelled-their-success?utm_source=rss_feed,"HKEX’s Bonnie Chan, SFC’s Julia Leung and Hang Seng Bank’s Diana Cesar talk about the school that shaped their worldwiew and beliefs.","Sun, 23 Mar 2025 10:00:14 +0800",https://www.scmp.com/business/banking-finance/article/3303388/top-hong-kong-women-ceos-talk-about-beloved-school-fuelled-their-success?utm_source=rss_feed,Aileen Chuang,Aileen Chuang,https://cdn.i-scmp.com/sites/default/files/styles/1280x720/public/d8/images/canvas/2025/03/21/b7528e81-329c-43ac-90a8-b2978abf3179_a399cfd9.jpg?itok=r8UqfI47,image/jpeg,1280,720,https://cdn.i-scmp.com/sites/default/files/styles/1280x720/public/d8/images/canvas/2025/03/21/b7528e81-329c-43ac-90a8-b2978abf3179_a399cfd9.jpg?itok=r8UqfI47,image/jpeg,1280,2025-03-23 10:00:14,
Hong Kong - South China Morning Post,https://www.scmp.com/rss/2/feed,"Breaking news, analysis and opinion from the SCMP's Hong Kong edition.",en,Hong Kong’s sporting dream needs the support of private enterprise,https://www.scmp.com/opinion/hong-kong-opinion/article/3302874/hong-kongs-sporting-dream-needs-support-private-enterprise?utm_source=rss_feed,Support from the government and sports associations must be combined with collaboration with big sporting corporations to tap their expertise.,"Sun, 23 Mar 2025 09:30:08 +0800",https://www.scmp.com/opinion/hong-kong-opinion/article/3302874/hong-kongs-sporting-dream-needs-support-private-enterprise?utm_source=rss_feed,"Scott Cheng,David Ketchum","Scott Cheng,David Ketchum",https://cdn.i-scmp.com/sites/default/files/styles/1280x720/public/d8/images/canvas/2025/03/21/947535ca-5371-4836-a57f-59bcb6f912cc_fe3a7599.jpg?itok=8rngo2od,image/jpeg,1280,720,https://cdn.i-scmp.com/sites/default/files/styles/1280x720/public/d8/images/canvas/2025/03/21/947535ca-5371-4836-a57f-59bcb6f912cc_fe3a7599.jpg?itok=8rngo2od,image/jpeg,1280,2025-03-23 09:30:08,
Hong Kong - South China Morning Post,https://www.scmp.com/rss/2/feed,"Breaking news, analysis and opinion from the SCMP's Hong Kong edition.",en,"A&E fee reform needed as some patients only seek sick notes, Hong Kong doctor says",https://www.scmp.com/news/hong-kong/health-environment/article/3303474/ae-fee-reform-needed-some-patients-only-seek-sick-notes-hong-kong-doctor-says?utm_source=rss_feed,"Dr Tsui Shek-hon says authorities are not accusing patients of ‘abusing’ the services, but some cases are clearly not urgent.","Sun, 23 Mar 2025 07:00:17 +0800",https://www.scmp.com/news/hong-kong/health-environment/article/3303474/ae-fee-reform-needed-some-patients-only-seek-sick-notes-hong-kong-doctor-says?utm_source=rss_feed,Ng Kang-chung,Ng Kang-chung,https://cdn.i-scmp.com/sites/default/files/styles/1280x720/public/d8/images/canvas/2025/03/22/cfceaf0e-55d4-4517-bbd5-483f58f1b1d0_c855306e.jpg?itok=uMzS8nyP,image/jpeg,1280,720,https://cdn.i-scmp.com/sites/default/files/styles/1280x720/public/d8/images/canvas/2025/03/22/cfceaf0e-55d4-4517-bbd5-483f58f1b1d0_c855306e.jpg?itok=uMzS8nyP,image/jpeg,1280,2025-03-23 07:00:17,
Hong Kong - South China Morning Post,https://www.scmp.com/rss/2/feed,"Breaking news, analysis and opinion from the SCMP's Hong Kong edition.",en,Hong Kong authorities step in as complaints over Coldplay ticketing errors mount,https://www.scmp.com/news/hong-kong/hong-kong-economy/article/3303479/coldplay-fans-forced-exchange-tickets-hong-kong-shows-after-misprint?utm_source=rss_feed,RedNote account of tourism minister hit with complaints from angry mainland Chinese music fans after Cityline says some tickets will need to be exchanged.,"Sat, 22 Mar 2025 21:56:15 +0800",https://www.scmp.com/news/hong-kong/hong-kong-economy/article/3303479/coldplay-fans-forced-exchange-tickets-hong-kong-shows-after-misprint?utm_source=rss_feed,"Cannix Yau,Jess Ma","Cannix Yau,Jess Ma",https://cdn.i-scmp.com/sites/default/files/styles/1280x720/public/d8/images/canvas/2025/03/22/d0baceb7-af1c-4839-a241-5b9805f0dfbe_24c0f9d6.jpg?itok=irWGu9Zp,image/jpeg,1280,720,https://cdn.i-scmp.com/sites/default/files/styles/1280x720/public/d8/images/canvas/2025/03/22/d0baceb7-af1c-4839-a241-5b9805f0dfbe_24c0f9d6.jpg?itok=irWGu9Zp,image/jpeg,1280,2025-03-22 21:56:15,
Hong Kong - South China Morning Post,https://www.scmp.com/rss/2/feed,"Breaking news, analysis and opinion from the SCMP's Hong Kong edition.",en,Hong Kong students hit by gastroenteritis on another mainland study trip,https://www.scmp.com/news/hong-kong/health-environment/article/3303476/hong-kong-students-hit-gastroenteritis-another-mainland-study-trip?utm_source=rss_feed,"Several among group of 120 have fallen ill while on tour to Guangdong, as school becomes 10th to report similar health issues this month.","Sat, 22 Mar 2025 21:13:30 +0800",https://www.scmp.com/news/hong-kong/health-environment/article/3303476/hong-kong-students-hit-gastroenteritis-another-mainland-study-trip?utm_source=rss_feed,Jess Ma,Jess Ma,https://cdn.i-scmp.com/sites/default/files/styles/1280x720/public/d8/images/canvas/2025/03/22/fc6c7bed-7f43-4cfb-9c9a-c4af2b4b4a9a_00091ab4.jpg?itok=oNYN4OGq,image/jpeg,1280,720,https://cdn.i-scmp.com/sites/default/files/styles/1280x720/public/d8/images/canvas/2025/03/22/fc6c7bed-7f43-4cfb-9c9a-c4af2b4b4a9a_00091ab4.jpg?itok=oNYN4OGq,image/jpeg,1280,2025-03-22 21:13:30,
Hong Kong - South China Morning Post,https://www.scmp.com/rss/2/feed,"Breaking news, analysis and opinion from the SCMP's Hong Kong edition.",en,Panda Le Le’s bald patches? Hong Kong Ocean Park explains what’s behind it,https://www.scmp.com/news/hong-kong/hong-kong-economy/article/3303471/panda-le-les-bald-patches-hong-kong-ocean-park-explains-whats-behind-it?utm_source=rss_feed,Internet users have raised concerns after spotting the 19-year-old bear’s bald patches during live streams.,"Sat, 22 Mar 2025 19:05:36 +0800",https://www.scmp.com/news/hong-kong/hong-kong-economy/article/3303471/panda-le-les-bald-patches-hong-kong-ocean-park-explains-whats-behind-it?utm_source=rss_feed,Willa Wu,Willa Wu,https://cdn.i-scmp.com/sites/default/files/styles/1280x720/public/d8/images/canvas/2025/03/22/0cca19dc-4c73-4588-b8ba-9fc32bcbd60f_eaed0f8d.jpg?itok=0cjYYiOa,image/jpeg,1280,720,https://cdn.i-scmp.com/sites/default/files/styles/1280x720/public/d8/images/canvas/2025/03/22/0cca19dc-4c73-4588-b8ba-9fc32bcbd60f_eaed0f8d.jpg?itok=0cjYYiOa,image/jpeg,1280,2025-03-22 19:05:36,
Hong Kong - South China Morning Post,https://www.scmp.com/rss/2/feed,"Breaking news, analysis and opinion from the SCMP's Hong Kong edition.",en,"Hong Kong customs arrests 1, seizes HK$33 million of suspected cocaine",https://www.scmp.com/news/hong-kong/law-and-crime/article/3303468/hong-kong-customs-arrests-1-seizes-hk33-million-suspected-cocaine?utm_source=rss_feed,"Man held in connection with drug trafficking, as officers find suspected narcotic in commercial building in bustling Tsim Sha Tsui.","Sat, 22 Mar 2025 17:42:17 +0800",https://www.scmp.com/news/hong-kong/law-and-crime/article/3303468/hong-kong-customs-arrests-1-seizes-hk33-million-suspected-cocaine?utm_source=rss_feed,Jess Ma,Jess Ma,https://cdn.i-scmp.com/sites/default/files/styles/1280x720/public/d8/images/canvas/2025/03/22/1ac4de43-d3b3-4457-a361-7c086be30b83_8733ab81.jpg?itok=Ef5Njq0u,image/jpeg,1280,720,https://cdn.i-scmp.com/sites/default/files/styles/1280x720/public/d8/images/canvas/2025/03/22/1ac4de43-d3b3-4457-a361-7c086be30b83_8733ab81.jpg?itok=Ef5Njq0u,image/jpeg,1280,2025-03-22 17:42:17,
Hong Kong - South China Morning Post,https://www.scmp.com/rss/2/feed,"Breaking news, analysis and opinion from the SCMP's Hong Kong edition.",en,Elderly Hong Kong taxi driver injured after accelerating down Sai Kung slope,https://www.scmp.com/news/hong-kong/transport/article/3303466/elderly-hong-kong-taxi-driver-injured-after-vehicle-tumbles-down-sai-kung-slope?utm_source=rss_feed,"Police say 66-year-old accidentally accelerated, causing vehicle to drive down three-metre slope and leaving him with neck and back pains.","Sat, 22 Mar 2025 17:36:43 +0800",https://www.scmp.com/news/hong-kong/transport/article/3303466/elderly-hong-kong-taxi-driver-injured-after-vehicle-tumbles-down-sai-kung-slope?utm_source=rss_feed,William Yiu,William Yiu,https://cdn.i-scmp.com/sites/default/files/styles/1280x720/public/d8/images/canvas/2025/03/22/3a6d16e2-e914-4947-b3f4-80471fd6c369_2216efb8.jpg?itok=1x1xP6JO,image/jpeg,1280,720,https://cdn.i-scmp.com/sites/default/files/styles/1280x720/public/d8/images/canvas/2025/03/22/3a6d16e2-e914-4947-b3f4-80471fd6c369_2216efb8.jpg?itok=1x1xP6JO,image/jpeg,1280,2025-03-22 17:36:43,
Hong Kong - South China Morning Post,https://www.scmp.com/rss/2/feed,"Breaking news, analysis and opinion from the SCMP's Hong Kong edition.",en,"Panama ports deal of strategic importance, say Hong Kong political heavyweights",https://www.scmp.com/news/hong-kong/politics/article/3303458/panama-ports-deal-strategic-importance-say-hong-kong-political-heavyweights?utm_source=rss_feed,"‘Not easy’ for Hong Kong or mainland Chinese firms to take part in ‘some strategic projects’, NPC Standing Committee member Starry Lee says.","Sat, 22 Mar 2025 16:25:48 +0800",https://www.scmp.com/news/hong-kong/politics/article/3303458/panama-ports-deal-strategic-importance-say-hong-kong-political-heavyweights?utm_source=rss_feed,Willa Wu,Willa Wu,https://cdn.i-scmp.com/sites/default/files/styles/1280x720/public/d8/images/canvas/2025/03/22/d95d55a7-42da-44d0-afb8-acdbfc1829e4_e4b4d7f0.jpg?itok=4NLj_PJ-,image/jpeg,1280,720,https://cdn.i-scmp.com/sites/default/files/styles/1280x720/public/d8/images/canvas/2025/03/22/d95d55a7-42da-44d0-afb8-acdbfc1829e4_e4b4d7f0.jpg?itok=4NLj_PJ-,image/jpeg,1280,2025-03-22 16:25:48,
Hong Kong - South China Morning Post,https://www.scmp.com/rss/2/feed,"Breaking news, analysis and opinion from the SCMP's Hong Kong edition.",en,Art March is taking over Hong Kong. Here is what you shouldn’t miss,https://www.scmp.com/news/hong-kong/society/article/3303452/art-march-taking-over-hong-kong-here-what-you-shouldnt-miss?utm_source=rss_feed,"The Post covers what’s being offered across the city, including exhibitions, installations, hands-on experiences and discussions.","Sat, 22 Mar 2025 15:00:16 +0800",https://www.scmp.com/news/hong-kong/society/article/3303452/art-march-taking-over-hong-kong-here-what-you-shouldnt-miss?utm_source=rss_feed,Ambrose Li,Ambrose Li,https://cdn.i-scmp.com/sites/default/files/styles/1280x720/public/d8/images/canvas/2025/03/22/957cf723-1da1-478e-8390-9ff0d8503149_3d05f21d.jpg?itok=hVP3KfgR,image/jpeg,1280,720,https://cdn.i-scmp.com/sites/default/files/styles/1280x720/public/d8/images/canvas/2025/03/22/957cf723-1da1-478e-8390-9ff0d8503149_3d05f21d.jpg?itok=hVP3KfgR,image/jpeg,1280,2025-03-22 15:00:16,
Hong Kong - South China Morning Post,https://www.scmp.com/rss/2/feed,"Breaking news, analysis and opinion from the SCMP's Hong Kong edition.",en,Hong Kong chronic disease subsidy scheme to cover tests to detect high cholesterol,https://www.scmp.com/news/hong-kong/education/article/3303453/hong-kong-chronic-disease-subsidy-scheme-cover-blood-lipid-testing?utm_source=rss_feed,"Starting March 28, participants under the scheme can undergo blood lipid testing at a subsidised cost of HK$120.","Sat, 22 Mar 2025 14:29:41 +0800",https://www.scmp.com/news/hong-kong/education/article/3303453/hong-kong-chronic-disease-subsidy-scheme-cover-blood-lipid-testing?utm_source=rss_feed,William Yiu,William Yiu,https://cdn.i-scmp.com/sites/default/files/styles/1280x720/public/d8/images/canvas/2025/03/22/81890b4b-2240-4560-ae46-ac69d48f25eb_f46a8da6.jpg?itok=r1ACfq9E,image/jpeg,1280,720,https://cdn.i-scmp.com/sites/default/files/styles/1280x720/public/d8/images/canvas/2025/03/22/81890b4b-2240-4560-ae46-ac69d48f25eb_f46a8da6.jpg?itok=r1ACfq9E,image/jpeg,1280,2025-03-22 14:29:41,
Hong Kong - South China Morning Post,https://www.scmp.com/rss/2/feed,"Breaking news, analysis and opinion from the SCMP's Hong Kong edition.",en,Another Hong Kong flight cancelled as Heathrow Airport chaos drags on,https://www.scmp.com/news/hong-kong/transport/article/3303446/1-6-hong-kong-london-daily-flights-axed-despite-heathrow-reopening?utm_source=rss_feed,"‘This is an unprecedented situation, and we have not seen a closure of Heathrow on this scale for many years,’ British Airways CEO Sean Doyle says.","Sat, 22 Mar 2025 13:29:52 +0800",https://www.scmp.com/news/hong-kong/transport/article/3303446/1-6-hong-kong-london-daily-flights-axed-despite-heathrow-reopening?utm_source=rss_feed,"Harvey Kong,Denise Tsang","Harvey Kong,Denise Tsang",https://cdn.i-scmp.com/sites/default/files/styles/1280x720/public/d8/images/canvas/2025/03/22/21a446d8-ab54-4d12-86fb-36df1158e702_f05ff791.jpg?itok=Gt9ghMTO,image/jpeg,1280,720,https://cdn.i-scmp.com/sites/default/files/styles/1280x720/public/d8/images/canvas/2025/03/22/21a446d8-ab54-4d12-86fb-36df1158e702_f05ff791.jpg?itok=Gt9ghMTO,image/jpeg,1280,2025-03-22 13:29:52,
Hong Kong - South China Morning Post,https://www.scmp.com/rss/2/feed,"Breaking news, analysis and opinion from the SCMP's Hong Kong edition.",en,Hong Kong driver arrested after crane hits overhead cable for light rail services,https://www.scmp.com/news/hong-kong/transport/article/3303438/hong-kong-driver-arrested-after-crane-hits-overhead-cable-disrupting-light-rail-services?utm_source=rss_feed,MTR Corp says services gradually resuming in Tin Shui Wai as damage is repaired following disruption.,"Sat, 22 Mar 2025 11:42:22 +0800",https://www.scmp.com/news/hong-kong/transport/article/3303438/hong-kong-driver-arrested-after-crane-hits-overhead-cable-disrupting-light-rail-services?utm_source=rss_feed,William Yiu,William Yiu,https://cdn.i-scmp.com/sites/default/files/styles/1280x720/public/d8/images/canvas/2025/03/22/a8bc7295-6031-4d73-aa8f-bbd202db45b9_58fe8bc9.jpg?itok=yjFz0w0Y,image/jpeg,1280,720,https://cdn.i-scmp.com/sites/default/files/styles/1280x720/public/d8/images/canvas/2025/03/22/a8bc7295-6031-4d73-aa8f-bbd202db45b9_58fe8bc9.jpg?itok=yjFz0w0Y,image/jpeg,1280,2025-03-22 11:42:22,
Hong Kong - South China Morning Post,https://www.scmp.com/rss/2/feed,"Breaking news, analysis and opinion from the SCMP's Hong Kong edition.",en,It’s a family affair: inside Hong Kong’s quest to lure the world’s wealthiest clans,https://www.scmp.com/business/banking-finance/article/3303298/its-family-affair-inside-hong-kongs-quest-lure-worlds-wealthiest-clans?utm_source=rss_feed,"Two years ago, the government unveiled eight measures with the aim of attracting affluent families so they could set up family offices.","Sat, 22 Mar 2025 11:00:11 +0800",https://www.scmp.com/business/banking-finance/article/3303298/its-family-affair-inside-hong-kongs-quest-lure-worlds-wealthiest-clans?utm_source=rss_feed,Enoch Yiu,Enoch Yiu,https://cdn.i-scmp.com/sites/default/files/styles/1280x720/public/d8/images/canvas/2025/03/21/27d2e459-3687-4db6-acda-172577071ad2_80be9195.jpg?itok=RFam3a63,image/jpeg,1280,720,https://cdn.i-scmp.com/sites/default/files/styles/1280x720/public/d8/images/canvas/2025/03/21/27d2e459-3687-4db6-acda-172577071ad2_80be9195.jpg?itok=RFam3a63,image/jpeg,1280,2025-03-22 11:00:11,
Hong Kong - South China Morning Post,https://www.scmp.com/rss/2/feed,"Breaking news, analysis and opinion from the SCMP's Hong Kong edition.",en,"Hong Kong runner takes on week of ultra-marathons for charity, covering 350km",https://www.scmp.com/news/hong-kong/society/article/3303407/1-hongkonger-350km-7-days-runner-takes-week-ultra-marathons-charity?utm_source=rss_feed,"After nine months of training, Kevin Field is putting himself to the test to inspire others and raise HK$35,000 to support Hong Kong’s refugees.","Sat, 22 Mar 2025 09:00:21 +0800",https://www.scmp.com/news/hong-kong/society/article/3303407/1-hongkonger-350km-7-days-runner-takes-week-ultra-marathons-charity?utm_source=rss_feed,Connor Mycroft,Connor Mycroft,https://cdn.i-scmp.com/sites/default/files/styles/1280x720/public/d8/images/canvas/2025/03/22/7142c9d5-243b-4075-8d40-0f937ae9ba95_d51d41cf.jpg?itok=2Eefitk3,image/jpeg,1280,720,https://cdn.i-scmp.com/sites/default/files/styles/1280x720/public/d8/images/canvas/2025/03/22/7142c9d5-243b-4075-8d40-0f937ae9ba95_d51d41cf.jpg?itok=2Eefitk3,image/jpeg,1280,2025-03-22 09:00:21,
Hong Kong - South China Morning Post,https://www.scmp.com/rss/2/feed,"Breaking news, analysis and opinion from the SCMP's Hong Kong edition.",en,Hong Kong aims to slash 10% no-show rate for radiology services in fee proposal,https://www.scmp.com/news/hong-kong/education/article/3303410/hong-kong-aims-slash-10-no-show-rate-radiology-services-fee-proposal?utm_source=rss_feed,Hospital Authority says proposed charges for MRI and CT scans will encourage residents to keep appointments.,"Sat, 22 Mar 2025 07:00:13 +0800",https://www.scmp.com/news/hong-kong/education/article/3303410/hong-kong-aims-slash-10-no-show-rate-radiology-services-fee-proposal?utm_source=rss_feed,William Yiu,William Yiu,https://cdn.i-scmp.com/sites/default/files/styles/1280x720/public/d8/images/canvas/2025/03/21/d1afa7ae-976a-44c7-8271-7d0a957c48c3_7f3e31b2.jpg?itok=rFyDCM98,image/jpeg,1280,720,https://cdn.i-scmp.com/sites/default/files/styles/1280x720/public/d8/images/canvas/2025/03/21/d1afa7ae-976a-44c7-8271-7d0a957c48c3_7f3e31b2.jpg?itok=rFyDCM98,image/jpeg,1280,2025-03-22 07:00:13,
Hong Kong - South China Morning Post,https://www.scmp.com/rss/2/feed,"Breaking news, analysis and opinion from the SCMP's Hong Kong edition.",en,Hong Kong’s intangible cultural heritage to be celebrated in new annual initiative,https://www.scmp.com/news/hong-kong/hong-kong-economy/article/3303399/hong-kongs-intangible-cultural-heritage-be-celebrated-new-annual-initiative?utm_source=rss_feed,"Different types of craftsmanship, performances, traditions and rituals among activities to be showcased across the month of June.","Fri, 21 Mar 2025 20:41:58 +0800",https://www.scmp.com/news/hong-kong/hong-kong-economy/article/3303399/hong-kongs-intangible-cultural-heritage-be-celebrated-new-annual-initiative?utm_source=rss_feed,Ambrose Li,Ambrose Li,https://cdn.i-scmp.com/sites/default/files/styles/1280x720/public/d8/images/canvas/2025/03/21/90671ae2-004a-40c1-b152-c6f84f3aaf13_5bbf7529.jpg?itok=dDL76Tz9,image/jpeg,1280,720,https://cdn.i-scmp.com/sites/default/files/styles/1280x720/public/d8/images/canvas/2025/03/21/90671ae2-004a-40c1-b152-c6f84f3aaf13_5bbf7529.jpg?itok=dDL76Tz9,image/jpeg,1280,2025-03-21 20:41:58,
Hong Kong - South China Morning Post,https://www.scmp.com/rss/2/feed,"Breaking news, analysis and opinion from the SCMP's Hong Kong edition.",en,Hong Kong police to crack down on traffic offences after fatal accidents rise 40%,https://www.scmp.com/news/hong-kong/law-and-crime/article/3303394/hong-kong-police-crack-down-traffic-offences-after-fatal-accidents-rise-40?utm_source=rss_feed,"Officers to target both drivers and pedestrians by filming from elevated spots, along with plain-clothes patrols.","Fri, 21 Mar 2025 20:23:43 +0800",https://www.scmp.com/news/hong-kong/law-and-crime/article/3303394/hong-kong-police-crack-down-traffic-offences-after-fatal-accidents-rise-40?utm_source=rss_feed,Jess Ma,Jess Ma,https://cdn.i-scmp.com/sites/default/files/styles/1280x720/public/d8/images/canvas/2025/03/21/014f92b0-703c-4eff-9e37-299d4b9805cc_b9c93a57.jpg?itok=8FmAE_Mf,image/jpeg,1280,720,https://cdn.i-scmp.com/sites/default/files/styles/1280x720/public/d8/images/canvas/2025/03/21/014f92b0-703c-4eff-9e37-299d4b9805cc_b9c93a57.jpg?itok=8FmAE_Mf,image/jpeg,1280,2025-03-21 20:23:43,
Hong Kong - South China Morning Post,https://www.scmp.com/rss/2/feed,"Breaking news, analysis and opinion from the SCMP's Hong Kong edition.",en,"NJZ, formerly NewJeans, to perform in ComplexCon Hong Kong despite court injunction",https://www.scmp.com/news/hong-kong/hong-kong-economy/article/3303383/njz-former-newjeans-perform-complexcon-hong-kong-despite-court-injunction?utm_source=rss_feed,Group says via social media they will proceed with March 23 performance ‘out of respect for our fans and all stakeholders involved’.,"Fri, 21 Mar 2025 19:09:10 +0800",https://www.scmp.com/news/hong-kong/hong-kong-economy/article/3303383/njz-former-newjeans-perform-complexcon-hong-kong-despite-court-injunction?utm_source=rss_feed,"Jiang Chuqin,Wynna Wong","Jiang Chuqin,Wynna Wong",https://cdn.i-scmp.com/sites/default/files/styles/1280x720/public/d8/images/canvas/2025/03/21/b5a59455-9679-4a86-b93b-3f62ac2c7934_f6b7aab1.jpg?itok=CTUy5ODW,image/jpeg,1280,720,https://cdn.i-scmp.com/sites/default/files/styles/1280x720/public/d8/images/canvas/2025/03/21/b5a59455-9679-4a86-b93b-3f62ac2c7934_f6b7aab1.jpg?itok=CTUy5ODW,image/jpeg,1280,2025-03-21 19:09:10,
